personalinsolvencyagreements_part_x_change, bankruptcies_parts_iv_xi_2010_11, bankruptcies_parts_iv_xi__change, abs2011_censuspopulation, debtagreements_part_ix_change, bankruptcies_parts_iv_xi_2011_12, shape_area, shape_length, debtagreements_part_ix_2010_11, sqkm, poa_code, ogc_fid, debtagreements_part_ix_2011_12, poa_name, personalinsolvencyagreements_part_x_2010_11, objectid, personalinsolvencyagreements_part_x_2011_12
0.0,57.0,-7.1754385964912,34249.0,8.33333333333333,53.0,0.00505653197138162,0.478803274688872,36.0,51.9773962083662,"2747 ",554,39.0,"2747                                    ",null,554,null
0.0,36.0,-22.2222222222222,26501.0,-3.0,28.0,0.00151870847302425,0.168769414962399,20.0,15.5978703859631,"2759 ",564,14.0,"2759                                    ",0.0,564,0.0
0.0,56.0,17.8571428571429,27032.0,34.6153846153846,66.0,0.00224006763851307,0.3010810569222,26.0,23.0196395333223,"2760 ",565,35.0,"2760                                    ",0.0,565,3.0
0.0,63.0,-38.95238952381,27726.0,56.6666666666667,39.0,0.00110468321021283,0.155930165965258,30.0,11.3536836765638,"2761 ",566,47.0,"2761                                    ",null,566,0.0
0.0,3.0,66.6666666666667,3812.0,null,5.0,0.00144453882376839,0.198785542149722,null,14.8535837638638,"2762 ",567,0.0,"2762                                    ",0.0,567,0.0
0.0,35.0,-14.2857142857143,14841.0,2.0,30.0,0.0141751724696789,0.981125518176218,3.0,145.843758948698,"2765 ",569,9.0,"2765                                    ",0.0,569,0.0
0.0,27.0,37.37373737,14178.0,137.5,37.0,0.00364920490596104,0.45825593515605,8.0,37.4808839629902,"2766 ",570,19.0,"2766                                    ",null,570,null
0.0,163.0,6.13496932515337,60345.0,12.82512825128,173.0,0.00240633066430079,0.312289326313713,39.0,24.7283379775789,"2770 ",574,44.0,"2770                                    ",null,574,null
